origin,dest,count
19,1,359.335790
19,2,7.085494
19,3,999.922328
19,4,58.088660
19,5,242.869266
19,6,63.067098
19,7,123.076898
19,8,412.652586
19,9,309.365495
19,10,35.902593
19,11,65.917821
19,12,1223.146389
19,13,51.065138
19,14,5.784077
19,15,278.090164
19,16,86.203406
19,17,23.218938
19,18,130.348309
19,20,31.667822
